category,inst_ind,timeseries_id
Beta noise,25254,e0b36e39-3872-11e8-8680-0242ac120002
Relative humidity,14878,81db0cf2-3883-11e8-8680-0242ac120002
RR,6577,380eb353-387a-11e8-8680-0242ac120002
Tremor,27821,f33f461c-3871-11e8-8680-0242ac120002
Noisy sinusoids,14226,7bcad309-3874-11e8-8680-0242ac120002
Macroeconomics,15176,8475dacd-d418-11e8-b43b-0242ac120002
Air temperature,13911,791d165d-387c-11e8-8680-0242ac120002
Diffusionless Lorenz Attractor,7609,416f1228-3874-11e8-8680-0242ac120002
Driven pendulum with dissipation,20130,b30f4c9d-3876-11e8-8680-0242ac120002
Relative humidity,25170,dff80ec2-3888-11e8-8680-0242ac120002
Model M7a,9971,573d45f5-3872-11e8-8680-0242ac120002
Micoeconomics,17404,9a3a99e1-d5a1-11e8-b43b-0242ac120002
Postural sway,27490,f0db5c99-3870-11e8-8680-0242ac120002
Tremor,25741,e4aff1a9-3876-11e8-8680-0242ac120002
Music,18660,a70369c7-3876-11e8-8680-0242ac120002
Model M8a,24253,d7d55477-3872-11e8-8680-0242ac120002
Model M8a,13152,72ab5615-3873-11e8-8680-0242ac120002
Beta noise,22693,c9c3b7e7-3873-11e8-8680-0242ac120002
Beta noise,12461,6cab139a-3871-11e8-8680-0242ac120002
Autoregressive with noise,18967,aa05aeab-387b-11e8-8680-0242ac120002
Finance,28186,f5c1a30e-d565-11e8-b43b-0242ac120002
Logistic map,25132,df9b3a10-3872-11e8-8680-0242ac120002
Autoregressive with noise,15426,86be27c8-387b-11e8-8680-0242ac120002
Model M10a,24478,d9f3e2f3-3873-11e8-8680-0242ac120002
Micoeconomics,17261,98b29b1e-d562-11e8-b43b-0242ac120002
Model M7a,9498,52d50d57-3872-11e8-8680-0242ac120002
Relative humidity,555,0478e00c-3887-11e8-8680-0242ac120002
Finance,28743,f9f5fc71-3871-11e8-8680-0242ac120002
Model M1a,13572,7641652c-3875-11e8-8680-0242ac120002
Astrophysics,8723,4bd85a25-3875-11e8-8680-0242ac120002
Birdsong,17572,9bf0f1b5-3872-11e8-8680-0242ac120002
Random walk,15584,88591cfb-3874-11e8-8680-0242ac120002
Precipitation rate,18954,a9e78d8c-3878-11e8-8680-0242ac120002
Nonstationary autoregressive,6127,345fd16f-3873-11e8-8680-0242ac120002
Micoeconomics,1174,09870a3f-d527-11e8-b43b-0242ac120002
Finance,29262,fe52bd03-3870-11e8-8680-0242ac120002
Demographic,10230,594fff34-d51d-11e8-b43b-0242ac120002
Damped driven pendulum,12677,6e96083c-3872-11e8-8680-0242ac120002
Traded volume,2685,16325365-3871-11e8-8680-0242ac120002
Sinai Map,27953,f426b715-3873-11e8-8680-0242ac120002
Macroeconomics,12638,6e3d6fbd-d480-11e8-b43b-0242ac120002
Frietas Stochastic Sine Map,2169,11b28735-3871-11e8-8680-0242ac120002
Gait,6384,36754881-3871-11e8-8680-0242ac120002
Autoregressive with noise,23403,d026ec64-3870-11e8-8680-0242ac120002
ECG,14460,7de43446-3879-11e8-8680-0242ac120002
Noisy sinusoids,13735,7783c545-3874-11e8-8680-0242ac120002
Air temperature,18780,a840578e-387e-11e8-8680-0242ac120002
Industry,26676,eaecad3c-d394-11e8-b43b-0242ac120002
Noisy sinusoids,10383,5b0593ce-3874-11e8-8680-0242ac120002
Damped driven pendulum,668,057472e3-3872-11e8-8680-0242ac120002
Opening prices,1564,0ce518a9-3872-11e8-8680-0242ac120002
Model M5a,23621,d20e3ea7-3870-11e8-8680-0242ac120002
Duffing two-well oscillator,13771,77c8009e-3875-11e8-8680-0242ac120002
Diffusionless Lorenz Attractor,26266,e814f2ff-3870-11e8-8680-0242ac120002
Damped driven pendulum,12490,6cf0de8d-3873-11e8-8680-0242ac120002
Powerlaw noise,25250,e0a84899-3874-11e8-8680-0242ac120002
Moving average process,18796,a8662ebf-3872-11e8-8680-0242ac120002
Model M7a,13339,743ad8fe-3872-11e8-8680-0242ac120002
Gait,7979,4508e506-3871-11e8-8680-0242ac120002
Traded volume,2743,16b141d1-3871-11e8-8680-0242ac120002
Micoeconomics,20185,b3701105-d561-11e8-b43b-0242ac120002
Finance,3359,1c4dd3f3-3871-11e8-8680-0242ac120002
Beta noise,21886,c20c53b2-3870-11e8-8680-0242ac120002
Autoregressive with noise,16026,8cbe04b6-387b-11e8-8680-0242ac120002
Traded volume,26852,ec4437a7-3872-11e8-8680-0242ac120002
Model M10a,3405,1cb9d246-3871-11e8-8680-0242ac120002
Powerlaw noise,8475,49a8b6f4-3872-11e8-8680-0242ac120002
Relative humidity,7390,3f3e23d3-388a-11e8-8680-0242ac120002
Traded volume,5023,2aab62ac-3871-11e8-8680-0242ac120002
Astrophysics,14696,80253138-3875-11e8-8680-0242ac120002
Unassigned,26072,e6caad0b-3870-11e8-8680-0242ac120002
Diffusionless Lorenz Attractor,2460,14166a9a-3874-11e8-8680-0242ac120002
Moving average process,20903,b9374598-3872-11e8-8680-0242ac120002
Astrophysics,16364,90053762-3874-11e8-8680-0242ac120002
Birdsong,16343,8fd88272-3871-11e8-8680-0242ac120002
Gait,20,003ae56e-3871-11e8-8680-0242ac120002
Gait,12814,6fcf6e43-38e1-11e8-8680-0242ac120002
Music,26765,eba560e6-3874-11e8-8680-0242ac120002
Air temperature,14576,7f029f8a-387d-11e8-8680-0242ac120002
Moving average process,14823,8149f71c-3872-11e8-8680-0242ac120002
RR,22555,c8495a40-921c-11e8-97b8-0242ac120002
Model M10a,20263,b40d326d-3870-11e8-8680-0242ac120002
Birdsong,27421,f056a6e6-3872-11e8-8680-0242ac120002
Precipitation rate,21409,bdb8f68c-3876-11e8-8680-0242ac120002
Precipitation rate,13580,764d0564-3889-11e8-8680-0242ac120002
Rossler Attractor,26692,eb125930-3875-11e8-8680-0242ac120002
Opening prices,6906,3b064213-3872-11e8-8680-0242ac120002
Duffing two-well oscillator,14542,7ec1c36b-3875-11e8-8680-0242ac120002
Micoeconomics,776,065ebf68-d4cb-11e8-b43b-0242ac120002
Birdsong,7450,3fdd71b2-3872-11e8-8680-0242ac120002
Model M8a,15719,89ae6eb0-3873-11e8-8680-0242ac120002
Rossler Attractor,22058,c39c2420-3873-11e8-8680-0242ac120002
Traded volume,1494,0c34a1be-3871-11e8-8680-0242ac120002
RR,18164,a2008b58-3889-11e8-8680-0242ac120002
Precipitation rate,5611,2fdd659f-387e-11e8-8680-0242ac120002
Rossler Attractor,27153,ee7999e5-3875-11e8-8680-0242ac120002
Powerlaw noise,27624,f1dcd1b4-3870-11e8-8680-0242ac120002
Astrophysics,9180,50352b1b-3875-11e8-8680-0242ac120002
Music,15217,84d36c40-3875-11e8-8680-0242ac120002
Sinai Map,20474,b59bc132-3870-11e8-8680-0242ac120002
Model M7a,3804,20642550-3872-11e8-8680-0242ac120002
Tremor,1012,082ebe0a-3877-11e8-8680-0242ac120002
Rossler Attractor,26328,e8771e85-3875-11e8-8680-0242ac120002
Rossler Attractor,28954,fbb243ff-3875-11e8-8680-0242ac120002
Frietas Stochastic Sine Map,21046,ba74de3d-3873-11e8-8680-0242ac120002
Postural sway,16770,93f6c592-3871-11e8-8680-0242ac120002
Gait,8686,4b867366-3871-11e8-8680-0242ac120002
Micoeconomics,27742,f2ad220f-d5f4-11e8-b43b-0242ac120002
Tremor,6420,36cc71af-3872-11e8-8680-0242ac120002
Postural sway,18340,a3ec0967-3871-11e8-8680-0242ac120002
Model M7a,10069,580f9a37-3872-11e8-8680-0242ac120002
ECG,20399,b51a62ee-3879-11e8-8680-0242ac120002
Opening prices,26729,eb655fa2-3870-11e8-8680-0242ac120002
Logistic map,26721,eb5d5787-3873-11e8-8680-0242ac120002
Air pressure,833,06d70d86-387e-11e8-8680-0242ac120002
Text,16671,92f8fbaf-3874-11e8-8680-0242ac120002
Macroeconomics,15904,8ba54492-d3db-11e8-b43b-0242ac120002
Moving average process,16393,904a896a-3872-11e8-8680-0242ac120002
Model M10a,19465,adb51e29-3870-11e8-8680-0242ac120002
Chirikov Map,9467,528c8c1b-3873-11e8-8680-0242ac120002
Nonstationary autoregressive,27341,efb785dd-3870-11e8-8680-0242ac120002
Beta noise,17379,99dafdd0-3873-11e8-8680-0242ac120002
Model M1a,21714,c0772f9a-3870-11e8-8680-0242ac120002
Birdsong,23975,d57706e9-3872-11e8-8680-0242ac120002
Finance,14472,7e0b6bb2-d526-11e8-b43b-0242ac120002
Model M8a,17442,9a8241c1-3872-11e8-8680-0242ac120002
Gait,7734,429a54e0-38e1-11e8-8680-0242ac120002
Relative humidity,17507,9b2decbd-3889-11e8-8680-0242ac120002
Industry,713,05d7c244-d37d-11e8-b43b-0242ac120002
Beta noise,6516,3792536e-3873-11e8-8680-0242ac120002
Model M5a,28588,f8ac2e12-3870-11e8-8680-0242ac120002
Relative humidity,25488,e2c2b2c3-388a-11e8-8680-0242ac120002
Text,5230,2c6e7b06-3876-11e8-8680-0242ac120002
Air temperature,6601,3842e8af-387b-11e8-8680-0242ac120002
ECG,17043,968125e0-3878-11e8-8680-0242ac120002
Logistic map,22631,c90a7d32-3871-11e8-8680-0242ac120002
Air temperature,13279,73c1d6a9-387d-11e8-8680-0242ac120002
Sinai Map,20119,b2feda5f-3870-11e8-8680-0242ac120002
Correlated noise,15076,83a9c56f-3875-11e8-8680-0242ac120002
Correlated noise,28568,f8833d23-3874-11e8-8680-0242ac120002
High low,11572,650528ad-3871-11e8-8680-0242ac120002
Beta noise,21499,be99727c-3870-11e8-8680-0242ac120002
Air temperature,7117,3ceeb1fc-387f-11e8-8680-0242ac120002
Chirikov Map,5954,33081fd2-3873-11e8-8680-0242ac120002
Astrophysics,19347,acccdec0-3876-11e8-8680-0242ac120002
Driven pendulum with dissipation,18410,a4ab14bf-3876-11e8-8680-0242ac120002
Text,9002,4e88be9c-3876-11e8-8680-0242ac120002
Text,10364,5ad27726-3873-11e8-8680-0242ac120002
Text,26255,e7fc5b10-3870-11e8-8680-0242ac120002
RR,15980,8c512c66-921c-11e8-97b8-0242ac120002
Demographic,27682,f2525e23-d640-11e8-b43b-0242ac120002
Diffusionless Lorenz Attractor,4445,26116b1d-3874-11e8-8680-0242ac120002
Medical,11887,67bc4589-3878-11e8-8680-0242ac120002
Logistic map,25051,dec6425d-3870-11e8-8680-0242ac120002
Text,20872,b8ea793c-3873-11e8-8680-0242ac120002
Driven pendulum with dissipation,14488,7e301c07-3876-11e8-8680-0242ac120002
Random walk,2899,180734b4-3873-11e8-8680-0242ac120002
Sinai Map,2289,12b9e4af-3874-11e8-8680-0242ac120002
Unassigned,27504,f0fa603e-3870-11e8-8680-0242ac120002
Micoeconomics,9735,5508873c-d461-11e8-b43b-0242ac120002
Duffing two-well oscillator,1758,0e518efe-3872-11e8-8680-0242ac120002
Macroeconomics,9992,575b0190-d46c-11e8-b43b-0242ac120002
RR,11415,63b807ab-387a-11e8-8680-0242ac120002
Frietas Stochastic Sine Map,2019,10908c53-3871-11e8-8680-0242ac120002
Demographic,16269,8f2137f9-d479-11e8-b43b-0242ac120002
Powerlaw noise,22228,c522856d-3874-11e8-8680-0242ac120002
High low,30,004a5f33-3873-11e8-8680-0242ac120002
Like MIX(P),25637,e3ebf96a-3870-11e8-8680-0242ac120002
Macroeconomics,11693,660297b2-d57b-11e8-b43b-0242ac120002
Nonstationary autoregressive,6503,3778d0fb-3873-11e8-8680-0242ac120002
Model M5a,17691,9d377d36-3875-11e8-8680-0242ac120002
Opening prices,24,003da696-3872-11e8-8680-0242ac120002
High low,3212,1ad045ed-3873-11e8-8680-0242ac120002
Powerlaw noise,13702,7746d82e-3872-11e8-8680-0242ac120002
Rossler Attractor,27044,edbd615b-3875-11e8-8680-0242ac120002
Like MIX(P),29206,fdcbd1f7-3870-11e8-8680-0242ac120002
Sinai Map,28845,fad34af3-3873-11e8-8680-0242ac120002
Model M8a,10907,5f98591e-3873-11e8-8680-0242ac120002
Air temperature,23830,d4268692-387c-11e8-8680-0242ac120002
Damped driven pendulum,15003,8318d939-3872-11e8-8680-0242ac120002
Opening prices,11872,679eda44-3872-11e8-8680-0242ac120002
Powerlaw noise,29241,fe1b19c0-3870-11e8-8680-0242ac120002
Text,547,04679a49-3874-11e8-8680-0242ac120002
Correlated noise,27275,ef42aa9e-3874-11e8-8680-0242ac120002
Like MIX(P),28037,f4b32442-3870-11e8-8680-0242ac120002
Driven pendulum with dissipation,13340,743ae175-3877-11e8-8680-0242ac120002
Traded volume,15837,8adf7704-3872-11e8-8680-0242ac120002
Duffing two-well oscillator,15185,849299c5-3875-11e8-8680-0242ac120002
Beta noise,10477,5bc30f82-3871-11e8-8680-0242ac120002
Opening prices,15593,8873f031-3872-11e8-8680-0242ac120002
ECG,4086,2326b5cb-3878-11e8-8680-0242ac120002
Medical,13682,770dbf40-387a-11e8-8680-0242ac120002
Nonstationary autoregressive,16388,904508d5-3874-11e8-8680-0242ac120002
Moving average process,7829,438820a6-3872-11e8-8680-0242ac120002
Demographic,16701,93428fea-d50a-11e8-b43b-0242ac120002
Air pressure,24961,de107671-387c-11e8-8680-0242ac120002
Model M10a,19479,adda3ff0-3870-11e8-8680-0242ac120002
Driven pendulum with dissipation,26346,e896084b-3876-11e8-8680-0242ac120002
Postural sway,3240,1b1b6c28-3872-11e8-8680-0242ac120002
Frietas Stochastic Sine Map,1372,0b365454-3871-11e8-8680-0242ac120002
Model M7a,7165,3d6896bb-3872-11e8-8680-0242ac120002
Nonstationary autoregressive,8747,4c0074a0-3874-11e8-8680-0242ac120002
Demographic,27916,f3ea0461-d4b5-11e8-b43b-0242ac120002
Text,2517,14a02bc9-3876-11e8-8680-0242ac120002
High low,17472,9ad18a0c-3871-11e8-8680-0242ac120002
Autoregressive with noise,17537,9b78dda5-3872-11e8-8680-0242ac120002
Random walk,3030,1927ac62-3873-11e8-8680-0242ac120002
Correlated noise,1301,0aa4bdc5-3875-11e8-8680-0242ac120002
Random walk,10766,5e6294f0-3874-11e8-8680-0242ac120002
Astrophysics,15000,830a90a7-3873-11e8-8680-0242ac120002
Opening prices,9716,54e070ea-3872-11e8-8680-0242ac120002
Moving average process,20793,b81381cd-3870-11e8-8680-0242ac120002
Air pressure,8161,46b3a930-387b-11e8-8680-0242ac120002
Autoregressive with noise,20861,b8c9830a-387b-11e8-8680-0242ac120002
High low,14581,7f18b046-3871-11e8-8680-0242ac120002
Model M5a,17267,98c0cb94-3872-11e8-8680-0242ac120002
Correlated noise,15417,86a24668-3875-11e8-8680-0242ac120002
Unassigned,27984,f4619835-3870-11e8-8680-0242ac120002
Damped driven pendulum,27038,edb18f62-3872-11e8-8680-0242ac120002
Precipitation rate,1457,0bde523a-3886-11e8-8680-0242ac120002
Postural sway,19957,b1e633b2-3871-11e8-8680-0242ac120002
Model M1a,25783,e4f70278-3874-11e8-8680-0242ac120002
Damped driven pendulum,6496,37694782-3873-11e8-8680-0242ac120002
Astrophysics,19103,ab0ee5a8-3875-11e8-8680-0242ac120002
Demographic,27724,f29397f9-d48d-11e8-b43b-0242ac120002
Noisy sinusoids,19978,b2011042-3874-11e8-8680-0242ac120002
Driven pendulum with dissipation,27469,f0b7d45f-3876-11e8-8680-0242ac120002
Random walk,25403,e2186adf-3872-11e8-8680-0242ac120002
Autoregressive with noise,14065,7a5c1289-3871-11e8-8680-0242ac120002
Tremor,25414,e22ee35d-3871-11e8-8680-0242ac120002
Micoeconomics,4957,2a18f7c7-d54f-11e8-b43b-0242ac120002
Micoeconomics,24768,dc9510ad-d4f9-11e8-b43b-0242ac120002
Medical,25629,e3e475a8-3877-11e8-8680-0242ac120002
Model M1a,26312,e863d111-3874-11e8-8680-0242ac120002
Medical,8002,452aba93-387a-11e8-8680-0242ac120002
Industry,29096,fcdee0df-d42b-11e8-b43b-0242ac120002
Industry,21782,c1076550-d402-11e8-b43b-0242ac120002
Rossler Attractor,28352,f6ee7285-3875-11e8-8680-0242ac120002
Noisy sinusoids,7538,40b9a834-3874-11e8-8680-0242ac120002
Nonstationary autoregressive,21055,ba837557-3872-11e8-8680-0242ac120002
Tremor,22853,cb3e260c-3871-11e8-8680-0242ac120002
Opening prices,5895,3268a60e-3872-11e8-8680-0242ac120002
Birdsong,22482,c76487e5-3873-11e8-8680-0242ac120002
Unassigned,28303,f69ab130-3874-11e8-8680-0242ac120002
Air temperature,24975,de304c45-387f-11e8-8680-0242ac120002
Model M8a,18417,a4c98e93-3872-11e8-8680-0242ac120002
Frietas Stochastic Sine Map,13358,74601a35-3874-11e8-8680-0242ac120002
Air pressure,6773,39cab216-3880-11e8-8680-0242ac120002
Random walk,15207,84b9b314-3874-11e8-8680-0242ac120002
Industry,15688,896914de-d414-11e8-b43b-0242ac120002
Logistic map,3598,1e7d3534-3872-11e8-8680-0242ac120002
Duffing two-well oscillator,27082,ee06d3b0-3871-11e8-8680-0242ac120002
Music,27794,f30da0cd-3882-11e8-8680-0242ac120002
Text,17739,9dab670d-3873-11e8-8680-0242ac120002
Macroeconomics,22669,c97ae6cb-d445-11e8-b43b-0242ac120002
Frietas Stochastic Sine Map,64,00a7f3e1-3871-11e8-8680-0242ac120002
Music,8618,4aef083a-3873-11e8-8680-0242ac120002
Noisy sinusoids,11752,6686543f-3874-11e8-8680-0242ac120002
Gait,12656,6e6948d8-38e1-11e8-8680-0242ac120002
Model M10a,27246,ef0ae42d-3870-11e8-8680-0242ac120002
High low,2115,1150396c-3873-11e8-8680-0242ac120002
Model M5a,22903,cbd4d7dc-3870-11e8-8680-0242ac120002
Autoregressive with noise,22788,caa4e275-3870-11e8-8680-0242ac120002
Sinai Map,3072,19889118-3874-11e8-8680-0242ac120002
Chirikov Map,13319,7413e777-3873-11e8-8680-0242ac120002
Finance,4361,25642413-d438-11e8-b43b-0242ac120002
Micoeconomics,19124,ab3c2a82-d3d7-11e8-b43b-0242ac120002
Frietas Stochastic Sine Map,12487,6ce46ad7-3874-11e8-8680-0242ac120002
Model M1a,27649,f2197b6d-3874-11e8-8680-0242ac120002
Postural sway,20637,b6eb091d-3871-11e8-8680-0242ac120002
Relative humidity,50,007e227c-3882-11e8-8680-0242ac120002
Demographic,18166,a2134e8c-d4de-11e8-b43b-0242ac120002
Autoregressive with noise,3309,1bc43eec-3871-11e8-8680-0242ac120002
Model M5a,9922,56aed0af-3875-11e8-8680-0242ac120002
Powerlaw noise,9779,5567ab9d-3872-11e8-8680-0242ac120002
Frietas Stochastic Sine Map,11027,60a8818f-3874-11e8-8680-0242ac120002
Demographic,27661,f2279a2e-d53c-11e8-b43b-0242ac120002
High low,1650,0d81f163-3873-11e8-8680-0242ac120002
Frietas Stochastic Sine Map,1734,0e260a59-3871-11e8-8680-0242ac120002
Postural sway,28898,fb3093a9-3870-11e8-8680-0242ac120002
RR,7616,4188d9cd-921c-11e8-97b8-0242ac120002
Relative humidity,850,06f59b6c-3885-11e8-8680-0242ac120002
Astrophysics,12848,7023fbf8-3874-11e8-8680-0242ac120002
Gait,14364,7d0bb077-38e1-11e8-8680-0242ac120002
Chirikov Map,19269,ac45ac65-3873-11e8-8680-0242ac120002
Nonstationary autoregressive,10560,5c763667-3872-11e8-8680-0242ac120002
Nonstationary autoregressive,27733,f2a57f32-3873-11e8-8680-0242ac120002
Like MIX(P),4111,236114c7-3871-11e8-8680-0242ac120002
Random walk,17340,997a1c6e-3874-11e8-8680-0242ac120002
Relative humidity,27067,edec2f9b-388b-11e8-8680-0242ac120002
Rossler Attractor,22978,cc74bcbe-3875-11e8-8680-0242ac120002
Like MIX(P),27835,f35d058f-3870-11e8-8680-0242ac120002
Driven pendulum with dissipation,28745,f9feca19-3876-11e8-8680-0242ac120002
Model M10a,5088,2b4d0bd9-3874-11e8-8680-0242ac120002
Model M7a,13671,76f2f7f0-3872-11e8-8680-0242ac120002
Model M5a,12330,6b8b4e41-3876-11e8-8680-0242ac120002
Model M10a,21267,bc869786-3874-11e8-8680-0242ac120002
Air pressure,28,004405e4-3880-11e8-8680-0242ac120002
Frietas Stochastic Sine Map,988,0810d8e5-3871-11e8-8680-0242ac120002
Medical,20686,b74265c3-3877-11e8-8680-0242ac120002
Random walk,14526,7e9bce98-3874-11e8-8680-0242ac120002
Powerlaw noise,4936,29ea5271-3871-11e8-8680-0242ac120002
Industry,20005,b2457610-d3a1-11e8-b43b-0242ac120002
Gait,14262,7c18db6a-38e1-11e8-8680-0242ac120002
Model M10a,19125,ab3ccce8-3870-11e8-8680-0242ac120002
Gait,12101,697a2d1a-38e1-11e8-8680-0242ac120002
Sinai Map,20321,b4737880-3870-11e8-8680-0242ac120002
Traded volume,2946,1879be7a-3871-11e8-8680-0242ac120002
Medical,24460,d9d46418-3877-11e8-8680-0242ac120002
Sinai Map,20618,b6bc4326-3870-11e8-8680-0242ac120002
Chirikov Map,19827,b0dd1af0-3873-11e8-8680-0242ac120002
Gait,10564,5c7e5834-38e1-11e8-8680-0242ac120002
Rossler Attractor,27989,f46fdc49-3875-11e8-8680-0242ac120002
Birdsong,6272,358ac4a2-3872-11e8-8680-0242ac120002
Air pressure,14139,7b048626-3874-11e8-8680-0242ac120002
Model M1a,21550,bf0628e8-3870-11e8-8680-0242ac120002
RR,5890,325fd8a5-921c-11e8-97b8-0242ac120002
Unassigned,8660,4b4297bd-3871-11e8-8680-0242ac120002
Macroeconomics,27673,f23d25dd-d3e6-11e8-b43b-0242ac120002
Nonstationary autoregressive,23491,d0f1ede0-3873-11e8-8680-0242ac120002
Driven pendulum with dissipation,135,014a7a6a-3877-11e8-8680-0242ac120002
Air temperature,18732,a7a229b8-3875-11e8-8680-0242ac120002
Damped driven pendulum,26597,ea61e7af-3871-11e8-8680-0242ac120002
Model M1a,12392,6c159bf7-3875-11e8-8680-0242ac120002
Beta noise,14297,7c5e2aca-3871-11e8-8680-0242ac120002
Macroeconomics,27864,f38c1713-d497-11e8-b43b-0242ac120002
Birdsong,16709,9355d746-3872-11e8-8680-0242ac120002
Model M1a,3677,1f40aea5-3875-11e8-8680-0242ac120002
Macroeconomics,8853,4d0d45c2-d59a-11e8-b43b-0242ac120002
Gait,28438,f77a2eb4-3870-11e8-8680-0242ac120002
Air pressure,22370,c6639012-387f-11e8-8680-0242ac120002
Model M10a,93,00e6368e-3875-11e8-8680-0242ac120002
Text,541,045fcdc0-3871-11e8-8680-0242ac120002
Chirikov Map,3195,1aa2e5c1-3872-11e8-8680-0242ac120002
Correlated noise,14521,7e95887c-3874-11e8-8680-0242ac120002
Air temperature,9976,57425ace-3877-11e8-8680-0242ac120002
Diffusionless Lorenz Attractor,1651,0d82e31d-3874-11e8-8680-0242ac120002
Like MIX(P),12580,6db19a98-3871-11e8-8680-0242ac120002
Model M5a,13888,78d904f3-3875-11e8-8680-0242ac120002
Birdsong,15933,8bdfe12b-3872-11e8-8680-0242ac120002
Postural sway,18613,a6922e90-3871-11e8-8680-0242ac120002
Birdsong,24294,d83432c7-3872-11e8-8680-0242ac120002
Correlated noise,9137,4fde5a6a-3875-11e8-8680-0242ac120002
Rossler Attractor,27493,f0e59cfe-3875-11e8-8680-0242ac120002
Sinai Map,20306,b4511d3d-3870-11e8-8680-0242ac120002
Autoregressive with noise,14367,7d1348a3-3872-11e8-8680-0242ac120002
High low,4969,2a2aa65b-3873-11e8-8680-0242ac120002
Text,27015,ed8d295e-3873-11e8-8680-0242ac120002
Finance,11978,68797afb-d65c-11e8-b43b-0242ac120002
Model M5a,394,03460477-3874-11e8-8680-0242ac120002
Beta noise,127,0132758c-3872-11e8-8680-0242ac120002
Duffing two-well oscillator,14626,7f7e8f7c-3875-11e8-8680-0242ac120002
Industry,10745,5e233d30-d395-11e8-b43b-0242ac120002
Model M7a,9829,55d7a463-3872-11e8-8680-0242ac120002
ECG,5504,2eeeb8dc-387a-11e8-8680-0242ac120002
Air temperature,31,004f08b0-3879-11e8-8680-0242ac120002
Model M5a,9190,50479369-3872-11e8-8680-0242ac120002
Music,22036,c379f6b0-3874-11e8-8680-0242ac120002
Duffing two-well oscillator,6529,37bbb2a0-3872-11e8-8680-0242ac120002
Rossler Attractor,23458,d0a6e57b-3875-11e8-8680-0242ac120002
Demographic,10960,600de60a-d47f-11e8-b43b-0242ac120002
Moving average process,5311,2d134d79-3872-11e8-8680-0242ac120002
RR,25963,e6071623-3879-11e8-8680-0242ac120002
Air pressure,38,0062daf7-387d-11e8-8680-0242ac120002
Relative humidity,13736,77876f87-3888-11e8-8680-0242ac120002
Random walk,4003,224c0d6b-3873-11e8-8680-0242ac120002
Astrophysics,25857,e56cc04a-3870-11e8-8680-0242ac120002
Unassigned,29259,fe484afd-3874-11e8-8680-0242ac120002
Industry,662,056caaf2-d4c2-11e8-b43b-0242ac120002
ECG,5982,333bb05a-3878-11e8-8680-0242ac120002
Model M8a,5480,2eac7cb0-3873-11e8-8680-0242ac120002
Correlated noise,8205,470a7d18-3875-11e8-8680-0242ac120002
Model M8a,20656,b709a47a-3873-11e8-8680-0242ac120002
Postural sway,18159,a1ee6468-3871-11e8-8680-0242ac120002
Finance,17796,9e4ac5d4-d3ae-11e8-b43b-0242ac120002
RR,26337,e888e0c2-3879-11e8-8680-0242ac120002
Air pressure,28962,fbbde716-387b-11e8-8680-0242ac120002
Air pressure,18217,a28cb195-3874-11e8-8680-0242ac120002
Unassigned,27370,eff813cc-3874-11e8-8680-0242ac120002
Postural sway,24906,dd9b7267-3871-11e8-8680-0242ac120002
Duffing two-well oscillator,15032,83559743-3875-11e8-8680-0242ac120002
Birdsong,17610,9c61a520-3873-11e8-8680-0242ac120002
Macroeconomics,12432,6c6f92ec-d5d1-11e8-b43b-0242ac120002
Air temperature,17178,97db07b2-3880-11e8-8680-0242ac120002
Unassigned,28174,f5aa9b02-3874-11e8-8680-0242ac120002
Model M1a,261,023676d3-3875-11e8-8680-0242ac120002
Model M10a,18882,a95b07d3-3874-11e8-8680-0242ac120002
Correlated noise,26827,ec10495a-3874-11e8-8680-0242ac120002
Like MIX(P),25807,e5181c34-3870-11e8-8680-0242ac120002
Noisy sinusoids,19835,b0f4aad4-3874-11e8-8680-0242ac120002
Demographic,1605,0d367875-d497-11e8-b43b-0242ac120002
Correlated noise,24437,d9972a6a-3874-11e8-8680-0242ac120002
Nonstationary autoregressive,2245,1274c2a6-3874-11e8-8680-0242ac120002
Micoeconomics,27513,f1045900-d63b-11e8-b43b-0242ac120002
Tremor,23414,d0425c03-3876-11e8-8680-0242ac120002
Unassigned,3972,21fa0d39-3877-11e8-8680-0242ac120002
Beta noise,23466,d0b51bae-3871-11e8-8680-0242ac120002
Noisy sinusoids,5760,3137832b-3874-11e8-8680-0242ac120002
Model M10a,25143,dfa84a6b-3870-11e8-8680-0242ac120002
Birdsong,16417,907cc61f-3873-11e8-8680-0242ac120002
Unassigned,28049,f4d9443f-3870-11e8-8680-0242ac120002
Model M8a,4246,2479d8ca-3873-11e8-8680-0242ac120002
ECG,26242,e7e58986-3877-11e8-8680-0242ac120002
ECG,2041,10bae555-3878-11e8-8680-0242ac120002
Autoregressive with noise,24719,dc2b3240-3870-11e8-8680-0242ac120002
Moving average process,24521,da4bd85b-3871-11e8-8680-0242ac120002
Industry,21839,c1979264-d69e-11e8-b43b-0242ac120002
Model M7a,10587,5cbccb5b-3872-11e8-8680-0242ac120002
Music,65,00a95a85-3871-11e8-8680-0242ac120002
Astrophysics,21492,be89f23e-3873-11e8-8680-0242ac120002
Traded volume,27277,ef4540fc-3872-11e8-8680-0242ac120002
Driven pendulum with dissipation,11334,63168fc7-3877-11e8-8680-0242ac120002
Damped driven pendulum,26815,ebfddc3b-3872-11e8-8680-0242ac120002
Music,16112,8d93ea8c-3875-11e8-8680-0242ac120002
Precipitation rate,17147,9790a6a0-3881-11e8-8680-0242ac120002
Postural sway,28592,f8b19f84-3870-11e8-8680-0242ac120002
Gait,6133,3469ef5c-3871-11e8-8680-0242ac120002
Model M5a,23197,ce59dd15-3870-11e8-8680-0242ac120002
Air pressure,27592,f1a96487-3880-11e8-8680-0242ac120002
Unassigned,2139,117226ad-3877-11e8-8680-0242ac120002
Tremor,27456,f0a6e15d-3871-11e8-8680-0242ac120002
Medical,6441,36f20d23-3879-11e8-8680-0242ac120002
Model M1a,10710,5de96169-3875-11e8-8680-0242ac120002
Opening prices,28044,f4bc1151-3870-11e8-8680-0242ac120002
Music,12992,715e59ab-3882-11e8-8680-0242ac120002
Chirikov Map,21545,beff420d-3873-11e8-8680-0242ac120002
Demographic,19338,acb9243c-d48f-11e8-b43b-0242ac120002
Macroeconomics,24335,d898cba3-d4d1-11e8-b43b-0242ac120002
Music,12961,7112ae9d-3874-11e8-8680-0242ac120002
Powerlaw noise,15979,8c4ee120-3871-11e8-8680-0242ac120002
Like MIX(P),7892,4424078c-3871-11e8-8680-0242ac120002
Medical,17677,9d1526d4-3879-11e8-8680-0242ac120002
High low,9400,51f67c0c-3871-11e8-8680-0242ac120002
Driven pendulum with dissipation,11526,64ab71bb-3876-11e8-8680-0242ac120002
Damped driven pendulum,25983,e62a38c2-3871-11e8-8680-0242ac120002
Logistic map,29150,fd664ec3-3873-11e8-8680-0242ac120002
Tremor,23612,d1f5a042-3871-11e8-8680-0242ac120002
Correlated noise,11973,6873185a-3875-11e8-8680-0242ac120002
Traded volume,4624,277a408c-3871-11e8-8680-0242ac120002
Postural sway,16964,95af9b6a-3871-11e8-8680-0242ac120002
Powerlaw noise,18541,a5eeccb2-3872-11e8-8680-0242ac120002
Model M8a,23731,d314fa1f-3872-11e8-8680-0242ac120002
Gait,10893,5f7abeab-38e1-11e8-8680-0242ac120002
Model M7a,21084,bab654e6-3871-11e8-8680-0242ac120002
ECG,4960,2a1ac7c4-3877-11e8-8680-0242ac120002
Beta noise,11054,60d98397-3873-11e8-8680-0242ac120002
Frietas Stochastic Sine Map,13931,7944a626-3874-11e8-8680-0242ac120002
Powerlaw noise,23139,cdbfa852-3872-11e8-8680-0242ac120002
Like MIX(P),615,0502aa0f-3871-11e8-8680-0242ac120002
Beta noise,11935,68112911-3873-11e8-8680-0242ac120002
Micoeconomics,5011,2a9252b5-d377-11e8-b43b-0242ac120002
High low,3527,1dde96f1-3873-11e8-8680-0242ac120002
Autoregressive with noise,10581,5ca9b16a-387b-11e8-8680-0242ac120002
Model M1a,24962,de150163-3874-11e8-8680-0242ac120002
ECG,1444,0bbba58b-3878-11e8-8680-0242ac120002
Diffusionless Lorenz Attractor,5530,2f16cbca-3871-11e8-8680-0242ac120002
Chirikov Map,2474,14445bb2-3871-11e8-8680-0242ac120002
Air pressure,15545,87ee7be5-3881-11e8-8680-0242ac120002
Traded volume,26470,e97e08b1-3872-11e8-8680-0242ac120002
Industry,17232,98723acc-d377-11e8-b43b-0242ac120002
Rossler Attractor,1774,0e77ad64-3876-11e8-8680-0242ac120002
Sinai Map,21704,c05e9722-3870-11e8-8680-0242ac120002
Micoeconomics,1618,0d51a960-d693-11e8-b43b-0242ac120002
Medical,17538,9b7d3610-3878-11e8-8680-0242ac120002
Astrophysics,17474,9ad69f74-3876-11e8-8680-0242ac120002
Finance,6745,39906e8e-d3cb-11e8-b43b-0242ac120002
Text,9849,55fc3e67-3874-11e8-8680-0242ac120002
Frietas Stochastic Sine Map,2297,12cabb61-3871-11e8-8680-0242ac120002
RR,3283,1b7f2f40-921c-11e8-97b8-0242ac120002
Birdsong,15768,8a12b645-3871-11e8-8680-0242ac120002
Model M7a,7676,4203131e-3872-11e8-8680-0242ac120002
Model M8a,14795,81110353-3873-11e8-8680-0242ac120002
Text,16724,93750b04-3874-11e8-8680-0242ac120002
Logistic map,22137,c45506d1-3871-11e8-8680-0242ac120002
Correlated noise,26,00434075-3876-11e8-8680-0242ac120002
Noisy sinusoids,16738,93ac4063-3874-11e8-8680-0242ac120002
Frietas Stochastic Sine Map,1542,0cbab22b-3871-11e8-8680-0242ac120002
Medical,2568,15199e3e-3877-11e8-8680-0242ac120002
Noisy sinusoids,7952,44b70522-3874-11e8-8680-0242ac120002
Frietas Stochastic Sine Map,13295,73e03815-3874-11e8-8680-0242ac120002
Autoregressive with noise,21051,ba827d1a-387b-11e8-8680-0242ac120002
Precipitation rate,26742,eb7b9843-3876-11e8-8680-0242ac120002
Astrophysics,16194,8e586c7b-3876-11e8-8680-0242ac120002
ECG,3140,1a21473e-3879-11e8-8680-0242ac120002
Precipitation rate,26464,e972f53b-3888-11e8-8680-0242ac120002
Duffing two-well oscillator,14231,7bd53196-3875-11e8-8680-0242ac120002
Duffing two-well oscillator,25580,e378e385-3871-11e8-8680-0242ac120002
Nonstationary autoregressive,24550,da978c65-3873-11e8-8680-0242ac120002
Relative humidity,10035,57cd27a1-3886-11e8-8680-0242ac120002
Model M5a,20358,b4c0fe26-3870-11e8-8680-0242ac120002
High low,10823,5ee14148-3871-11e8-8680-0242ac120002
Diffusionless Lorenz Attractor,5073,2b331ffe-3871-11e8-8680-0242ac120002
Duffing two-well oscillator,25826,e52ca9d4-3871-11e8-8680-0242ac120002
Medical,8516,49fb9bc5-3878-11e8-8680-0242ac120002
Macroeconomics,22542,c8004911-d46f-11e8-b43b-0242ac120002
Logistic map,24625,db4e18b9-3871-11e8-8680-0242ac120002
Diffusionless Lorenz Attractor,2047,10c44e91-3874-11e8-8680-0242ac120002
Random walk,19152,ab6ef02c-3874-11e8-8680-0242ac120002
Precipitation rate,22236,c529d703-3884-11e8-8680-0242ac120002
Beta noise,24708,dc04b326-3872-11e8-8680-0242ac120002
Rossler Attractor,19579,aeb1f74b-3873-11e8-8680-0242ac120002
Macroeconomics,27896,f3bf55a8-d582-11e8-b43b-0242ac120002
Opening prices,26871,ec70e4cd-3870-11e8-8680-0242ac120002
Postural sway,11338,6319062b-3871-11e8-8680-0242ac120002
Damped driven pendulum,26514,e9c465d5-3871-11e8-8680-0242ac120002
Opening prices,3200,1ab0b574-3872-11e8-8680-0242ac120002
Air temperature,25635,e3eb8e93-3875-11e8-8680-0242ac120002
Air pressure,3481,1d700636-387e-11e8-8680-0242ac120002
Sinai Map,20135,b31779c6-3870-11e8-8680-0242ac120002
Relative humidity,25609,e3b1324a-3885-11e8-8680-0242ac120002
Opening prices,11809,6706e7ba-3872-11e8-8680-0242ac120002
Diffusionless Lorenz Attractor,5680,3071aa49-3874-11e8-8680-0242ac120002
Model M8a,22113,c41aec10-3872-11e8-8680-0242ac120002
Noisy sinusoids,5269,2cbdca30-3874-11e8-8680-0242ac120002
Unassigned,27815,f3355b6c-3874-11e8-8680-0242ac120002
Noisy sinusoids,17808,9e78ea11-3874-11e8-8680-0242ac120002
Diffusionless Lorenz Attractor,26151,e74ee492-3870-11e8-8680-0242ac120002
Tremor,27306,ef74f96a-3876-11e8-8680-0242ac120002
Finance,10921,5fb2158a-d5f1-11e8-b43b-0242ac120002
Logistic map,9019,4ebf7357-3873-11e8-8680-0242ac120002
Sinai Map,22252,c55467f4-3870-11e8-8680-0242ac120002
Text,6142,347dfe02-3871-11e8-8680-0242ac120002
ECG,8664,4b525153-3878-11e8-8680-0242ac120002
Correlated noise,27698,f270085f-3874-11e8-8680-0242ac120002
Chirikov Map,21303,bcd00e82-3873-11e8-8680-0242ac120002
Precipitation rate,16667,92efacbf-3887-11e8-8680-0242ac120002
Model M8a,18138,a1c501c5-3873-11e8-8680-0242ac120002
Relative humidity,14124,7ad7a13d-3886-11e8-8680-0242ac120002
Duffing two-well oscillator,1968,10186010-3872-11e8-8680-0242ac120002
Birdsong,13732,777a83d3-3873-11e8-8680-0242ac120002
Sinai Map,20352,b4b43b0f-3870-11e8-8680-0242ac120002
RR,24097,d68c1f23-3879-11e8-8680-0242ac120002
ECG,19148,ab672950-3877-11e8-8680-0242ac120002
Logistic map,74,00bd09d7-3874-11e8-8680-0242ac120002
Driven pendulum with dissipation,15756,89f6264a-3876-11e8-8680-0242ac120002
Chirikov Map,7554,40efb4e5-3871-11e8-8680-0242ac120002
Driven pendulum with dissipation,12211,6a6e828c-3877-11e8-8680-0242ac120002
Nonstationary autoregressive,7867,43ed9c68-3874-11e8-8680-0242ac120002
Chirikov Map,21912,c246a748-3873-11e8-8680-0242ac120002
Random walk,23780,d3931a29-3872-11e8-8680-0242ac120002
Duffing two-well oscillator,15275,85639006-3875-11e8-8680-0242ac120002
RR,23179,ce2ea676-921c-11e8-97b8-0242ac120002
Macroeconomics,8617,4ae9767d-d396-11e8-b43b-0242ac120002
Nonstationary autoregressive,14066,7a5fcbc6-3873-11e8-8680-0242ac120002
Precipitation rate,15919,8bc4fc15-387e-11e8-8680-0242ac120002
Driven pendulum with dissipation,24675,dbc90d6e-3876-11e8-8680-0242ac120002
Powerlaw noise,8023,454e9e7d-3872-11e8-8680-0242ac120002
Demographic,14220,7bc15c9a-d644-11e8-b43b-0242ac120002
Macroeconomics,1043,08758b33-d3a5-11e8-b43b-0242ac120002
Air temperature,14199,7b8d05ac-3876-11e8-8680-0242ac120002
Diffusionless Lorenz Attractor,26829,ec132304-3870-11e8-8680-0242ac120002
Unassigned,19496,adfd3a06-3874-11e8-8680-0242ac120002
Astrophysics,10880,5f5b9484-3876-11e8-8680-0242ac120002
Moving average process,25589,e384e5a2-3870-11e8-8680-0242ac120002
Astrophysics,26049,e6a45e94-3870-11e8-8680-0242ac120002
Air pressure,25237,e08792d7-387a-11e8-8680-0242ac120002
Macroeconomics,21391,bd9476fe-d3d3-11e8-b43b-0242ac120002
Autoregressive with noise,5816,31bd2a97-3872-11e8-8680-0242ac120002
Diffusionless Lorenz Attractor,5262,2caf5743-3874-11e8-8680-0242ac120002
Precipitation rate,8919,4da5d7be-3885-11e8-8680-0242ac120002
RR,369,03140464-387a-11e8-8680-0242ac120002
Opening prices,15321,85cabc4d-3872-11e8-8680-0242ac120002
Diffusionless Lorenz Attractor,26966,ed262082-3870-11e8-8680-0242ac120002
Postural sway,29055,fc7a7821-3870-11e8-8680-0242ac120002
Rossler Attractor,29482,fff54a7e-3875-11e8-8680-0242ac120002
Relative humidity,6788,39eec4ca-3884-11e8-8680-0242ac120002
Model M8a,12579,6db1235b-3873-11e8-8680-0242ac120002
Industry,1934,0fbca983-d3f9-11e8-b43b-0242ac120002
Model M7a,5173,2bf6c3b2-3872-11e8-8680-0242ac120002
Logistic map,14239,7be7f791-3873-11e8-8680-0242ac120002
Chirikov Map,4757,288ad68d-3871-11e8-8680-0242ac120002
Noisy sinusoids,16974,95cb344f-3874-11e8-8680-0242ac120002
Industry,27461,f0ad249a-d38a-11e8-b43b-0242ac120002
Traded volume,3944,21b98860-3871-11e8-8680-0242ac120002
Finance,17288,98f9d784-d3a9-11e8-b43b-0242ac120002
Model M5a,21399,bda359c8-3875-11e8-8680-0242ac120002
Logistic map,16157,8deee836-3872-11e8-8680-0242ac120002
Model M5a,9790,5586549e-3875-11e8-8680-0242ac120002
Model M5a,26137,e73fc1d9-3870-11e8-8680-0242ac120002
Text,14941,82653cba-3874-11e8-8680-0242ac120002
Powerlaw noise,22823,cb0695f0-3874-11e8-8680-0242ac120002
Model M10a,22672,c9843435-3870-11e8-8680-0242ac120002
Model M7a,14979,82d0b384-3872-11e8-8680-0242ac120002
Medical,26298,e84bc98f-3876-11e8-8680-0242ac120002
Opening prices,5786,316d0fb2-3873-11e8-8680-0242ac120002
Music,3116,19eb3a5c-3876-11e8-8680-0242ac120002
Unassigned,26121,e7206ce4-3870-11e8-8680-0242ac120002
Like MIX(P),535,0457bf6d-3871-11e8-8680-0242ac120002
Powerlaw noise,12403,6c2e2b74-3871-11e8-8680-0242ac120002
Finance,9663,547cfc90-d375-11e8-b43b-0242ac120002
Correlated noise,17627,9c85c4e6-3874-11e8-8680-0242ac120002
Damped driven pendulum,23301,cf423a19-3871-11e8-8680-0242ac120002
Precipitation rate,17007,9610fc6e-388a-11e8-8680-0242ac120002
Relative humidity,7534,40addee4-3886-11e8-8680-0242ac120002
Damped driven pendulum,7535,40af47aa-3873-11e8-8680-0242ac120002
Gait,12190,6a4466e1-38e1-11e8-8680-0242ac120002
Medical,10895,5f7de2da-3879-11e8-8680-0242ac120002
Postural sway,950,07b8b17b-3871-11e8-8680-0242ac120002
Music,23073,cd381939-3872-11e8-8680-0242ac120002
Traded volume,5646,3029a47d-3871-11e8-8680-0242ac120002
Model M7a,22241,c53b3a2a-3871-11e8-8680-0242ac120002
Model M1a,22101,c3ec44b2-3874-11e8-8680-0242ac120002
Traded volume,2227,1247eaf3-3871-11e8-8680-0242ac120002
Damped driven pendulum,19851,b10e23eb-3872-11e8-8680-0242ac120002
Astrophysics,18360,a4244628-3876-11e8-8680-0242ac120002
Like MIX(P),9722,54e9f855-3871-11e8-8680-0242ac120002
Birdsong,913,0779ebde-3873-11e8-8680-0242ac120002
Industry,12182,6a28dadf-d391-11e8-b43b-0242ac120002
Duffing two-well oscillator,15718,89ac6b80-3875-11e8-8680-0242ac120002
Autoregressive with noise,28659,f94af2b1-3871-11e8-8680-0242ac120002
Logistic map,8138,4678c99a-3873-11e8-8680-0242ac120002
Frietas Stochastic Sine Map,26792,ebcde043-3870-11e8-8680-0242ac120002
Tremor,5926,32bb534b-3872-11e8-8680-0242ac120002
Micoeconomics,5609,2fdac616-d377-11e8-b43b-0242ac120002
Like MIX(P),34,0053ea5f-3871-11e8-8680-0242ac120002
High low,683,059faa78-3873-11e8-8680-0242ac120002
ECG,10890,5f71731d-3878-11e8-8680-0242ac120002
Moving average process,22963,cc5e0b21-3871-11e8-8680-0242ac120002
Model M1a,12539,6d5897a6-3875-11e8-8680-0242ac120002
Air pressure,8016,4543fc81-3880-11e8-8680-0242ac120002
Music,3424,1cdd49ab-3876-11e8-8680-0242ac120002
Industry,12604,6dece714-d3a9-11e8-b43b-0242ac120002
Diffusionless Lorenz Attractor,5103,2b6d1155-3871-11e8-8680-0242ac120002
Postural sway,14318,7c9d23a0-3871-11e8-8680-0242ac120002
Finance,25001,de5a99a3-d435-11e8-b43b-0242ac120002
Moving average process,29107,fcfc868e-3871-11e8-8680-0242ac120002
Sinai Map,4647,27bbbf3c-3874-11e8-8680-0242ac120002
Traded volume,485,03eeb4ba-3871-11e8-8680-0242ac120002
Powerlaw noise,20574,b66fb806-3874-11e8-8680-0242ac120002
Powerlaw noise,20852,b8a0fa05-3874-11e8-8680-0242ac120002
Model M10a,22607,c8c877f4-3870-11e8-8680-0242ac120002
Logistic map,24639,db6dfe57-3872-11e8-8680-0242ac120002
Precipitation rate,18960,a9f9859e-3889-11e8-8680-0242ac120002
Chirikov Map,22143,c45d6a44-3873-11e8-8680-0242ac120002
High low,13701,77465b19-3871-11e8-8680-0242ac120002
Nonstationary autoregressive,16973,95cb22a5-3873-11e8-8680-0242ac120002
Moving average process,28707,f99f4567-3871-11e8-8680-0242ac120002
Medical,28089,f5196515-3877-11e8-8680-0242ac120002
Noisy sinusoids,13095,72289bd7-3874-11e8-8680-0242ac120002
Precipitation rate,28848,fad8f3ac-387a-11e8-8680-0242ac120002
Model M10a,19516,ae1f86c0-3870-11e8-8680-0242ac120002
Industry,7198,3da9a34e-d509-11e8-b43b-0242ac120002
Driven pendulum with dissipation,24367,d8f687e6-3876-11e8-8680-0242ac120002
Correlated noise,27924,f3f67d2c-3875-11e8-8680-0242ac120002
Rossler Attractor,27386,f013757f-3873-11e8-8680-0242ac120002
Noisy sinusoids,4982,2a4d8d6f-3874-11e8-8680-0242ac120002
Traded volume,26580,ea3b8e17-3872-11e8-8680-0242ac120002
Medical,2586,1545d380-3878-11e8-8680-0242ac120002
Random walk,22117,c421035d-3872-11e8-8680-0242ac120002
Demographic,7644,41d1dcf3-d4fd-11e8-b43b-0242ac120002
ECG,6219,35212417-387a-11e8-8680-0242ac120002
Model M5a,16745,93c5a938-3875-11e8-8680-0242ac120002
Random walk,6510,3784a178-3873-11e8-8680-0242ac120002
Gait,7375,3f230c0c-38e1-11e8-8680-0242ac120002
RR,21676,c030144b-921c-11e8-97b8-0242ac120002
High low,522,043d3123-3873-11e8-8680-0242ac120002
High low,15170,846d0212-3871-11e8-8680-0242ac120002
Opening prices,28233,f60df6fe-3870-11e8-8680-0242ac120002
Duffing two-well oscillator,6461,37237772-3872-11e8-8680-0242ac120002
Like MIX(P),26430,e92fe323-3870-11e8-8680-0242ac120002
Birdsong,25362,e1c8a334-3873-11e8-8680-0242ac120002
Chirikov Map,5369,2da2d4a4-3871-11e8-8680-0242ac120002
Driven pendulum with dissipation,21671,c023db94-3876-11e8-8680-0242ac120002
Model M1a,10512,5c04012e-3875-11e8-8680-0242ac120002
Finance,27435,f07a2125-3870-11e8-8680-0242ac120002
Finance,13410,74d977be-d3b3-11e8-b43b-0242ac120002
Damped driven pendulum,10724,5dfe26f6-3873-11e8-8680-0242ac120002
Sinai Map,20268,b416c334-3870-11e8-8680-0242ac120002
Model M8a,12143,69e4f049-3873-11e8-8680-0242ac120002
Autoregressive with noise,26153,e7570724-3870-11e8-8680-0242ac120002
Industry,20918,b9582198-d383-11e8-b43b-0242ac120002
Rossler Attractor,20486,b5b2a0c5-3875-11e8-8680-0242ac120002
Chirikov Map,7672,41fd640c-3871-11e8-8680-0242ac120002
Chirikov Map,11425,63ce1fbc-3871-11e8-8680-0242ac120002
Damped driven pendulum,26811,ebf042bd-3871-11e8-8680-0242ac120002
Diffusionless Lorenz Attractor,5534,2f1c22ea-3874-11e8-8680-0242ac120002
Logistic map,27214,eedee7d4-3873-11e8-8680-0242ac120002
Moving average process,17396,9a2801db-3871-11e8-8680-0242ac120002
Tremor,24614,db32fc45-3876-11e8-8680-0242ac120002
Sinai Map,20195,b37dc041-3870-11e8-8680-0242ac120002
Demographic,1476,0c097fc9-d4f2-11e8-b43b-0242ac120002
Air temperature,943,07a7c177-387c-11e8-8680-0242ac120002
Nonstationary autoregressive,749,062b38f1-3874-11e8-8680-0242ac120002
Text,28113,f5474744-3871-11e8-8680-0242ac120002
Frietas Stochastic Sine Map,12912,70a682ed-3874-11e8-8680-0242ac120002
Moving average process,17561,9bb959c1-3872-11e8-8680-0242ac120002
Tremor,28502,f7e96766-3871-11e8-8680-0242ac120002
Driven pendulum with dissipation,13784,77e92121-3876-11e8-8680-0242ac120002
Model M10a,2724,1689f169-3874-11e8-8680-0242ac120002
Medical,28989,fbfb00c9-3876-11e8-8680-0242ac120002
Like MIX(P),2656,15ee8e2c-3871-11e8-8680-0242ac120002
Traded volume,4040,22a29746-3871-11e8-8680-0242ac120002
Beta noise,2370,136c89ac-3872-11e8-8680-0242ac120002
Duffing two-well oscillator,13908,7913b4e7-3875-11e8-8680-0242ac120002
Logistic map,18424,a4d4f9d0-3872-11e8-8680-0242ac120002
Demographic,25107,df68650c-d4dc-11e8-b43b-0242ac120002
Unassigned,25391,e1f92807-3870-11e8-8680-0242ac120002
Model M7a,11188,61ee0823-3872-11e8-8680-0242ac120002
Demographic,9830,55d85c83-d4f9-11e8-b43b-0242ac120002
Random walk,4051,22d0c66a-3873-11e8-8680-0242ac120002
Diffusionless Lorenz Attractor,7288,3e5eef2f-3874-11e8-8680-0242ac120002
RR,9957,57163fd6-921c-11e8-97b8-0242ac120002
Model M1a,12210,6a6dc2cf-3875-11e8-8680-0242ac120002
Music,10764,5e6205f5-3875-11e8-8680-0242ac120002
Nonstationary autoregressive,7109,3cd37e1d-3871-11e8-8680-0242ac120002
Model M7a,8870,4d2cfbf3-3872-11e8-8680-0242ac120002
Micoeconomics,20750,b7befa8a-d425-11e8-b43b-0242ac120002
Random walk,17400,9a33f44a-3873-11e8-8680-0242ac120002
Damped driven pendulum,275,0256f0ed-3872-11e8-8680-0242ac120002
Air pressure,18034,a0c6c6d5-3880-11e8-8680-0242ac120002
Moving average process,17685,9d27ec2f-3871-11e8-8680-0242ac120002
Beta noise,20544,b629b325-3870-11e8-8680-0242ac120002
Like MIX(P),13898,78f07360-3871-11e8-8680-0242ac120002
Unassigned,27093,ee1ccb06-3870-11e8-8680-0242ac120002
ECG,1868,0f3d4cae-3878-11e8-8680-0242ac120002
Finance,28108,f5439946-3870-11e8-8680-0242ac120002
Precipitation rate,13008,717d4f28-388b-11e8-8680-0242ac120002
Music,19987,b2169de3-3874-11e8-8680-0242ac120002
Noisy sinusoids,15425,86baecf6-3874-11e8-8680-0242ac120002
Tremor,4787,28bde3cd-3872-11e8-8680-0242ac120002
Model M8a,19393,ad268f08-3873-11e8-8680-0242ac120002
Air temperature,1239,0a2488dc-387b-11e8-8680-0242ac120002
Opening prices,12516,6d2a3451-3872-11e8-8680-0242ac120002
Moving average process,39,00631efc-3872-11e8-8680-0242ac120002
Tremor,24773,dc9e4d65-3876-11e8-8680-0242ac120002
High low,28190,f5c85485-3872-11e8-8680-0242ac120002
Random walk,15342,85fbfeac-3874-11e8-8680-0242ac120002
Model M1a,14042,7a39d66d-3875-11e8-8680-0242ac120002
RR,23741,d329f267-3879-11e8-8680-0242ac120002
Music,13393,74ba03ff-3874-11e8-8680-0242ac120002
Correlated noise,23452,d095dd9e-3874-11e8-8680-0242ac120002
Astrophysics,19433,ad7418ba-3876-11e8-8680-0242ac120002
Relative humidity,14549,7ed3169e-3881-11e8-8680-0242ac120002
Micoeconomics,28367,f7074082-d504-11e8-b43b-0242ac120002
Like MIX(P),5241,2c8826e6-3871-11e8-8680-0242ac120002
Tremor,7118,3cf26a10-3872-11e8-8680-0242ac120002
